{
    "data": {
        "name": "tm.creator",
        "version": 3
    },
    "mods": [
        {
            "name": "Copy Hack",
            "description": "Lets you copy any level, without a password.",
            "opcodes": [
                {
                    "on": "90 90",
                    "off": "75 0E",
                    "address": "0x179B8E",
                    "lib": ""
                },
                {
                    "on": "8B CA 90",
                    "off": "0F 44 CA",
                    "address": "0x176F5C",
                    "lib": ""
                },
                {
                    "on": "B0 01 90",
                    "off": "0F 95 C0",
                    "address": "0x176FE5",
                    "lib": ""
                }
            ]
        },
        {
            "name": "Level Edit",
            "description": "Lets you edit any level, access the editor through the pause menu.",
            "opcodes": [
                {
                    "on": "90 90",
                    "off": "75 6C",
                    "address": "0x1E4A32",
                    "lib": ""
                }
            ]
        },
        {
            "name": "No (C) Mark",
            "description": "Removes the (C) mark when uploading copied levels.",
            "opcodes": [
                {
                    "on": "2B 87 CC 02 00 00",
                    "off": "2B 87 D0 02 00 00",
                    "address": "0xA6B8B",
                    "lib": ""
                },
                {
                    "on": "EB 26",
                    "off": "74 26",
                    "address": "0x70E87",
                    "lib": ""
                }
            ]
        },
        {
            "name": "Object Bypass",
            "description": "Sets the object limit to around 2 billion.",
            "opcodes": [
                {
                    "on": "FF FF FF 7F",
                    "off": "80 38 01 00",
                    "address": "0x73169",
                    "lib": ""
                },
                {
                    "on": "FF FF FF 7F",
                    "off": "80 38 01 00",
                    "address": "0x856A4",
                    "lib": ""
                },
                {
                    "on": "FF FF FF 7F",
                    "off": "80 38 01 00",
                    "address": "0x87B17",
                    "lib": ""
                },
                {
                    "on": "FF FF FF 7F",
                    "off": "80 38 01 00",
                    "address": "0x87BC7",
                    "lib": ""
                },
                {
                    "on": "FF FF FF 7F",
                    "off": "80 38 01 00",
                    "address": "0x87D95",
                    "lib": ""
                },
                {
                    "on": "FF FF FF 7F",
                    "off": "80 38 01 00",
                    "address": "0x880F4",
                    "lib": ""
                },
                {
                    "on": "FF FF FF 7F",
                    "off": "80 38 01 00",
                    "address": "0x160B06",
                    "lib": ""
                },
                {
                    "on": "EB",
                    "off": "72",
                    "address": "0x7A100",
                    "lib": ""
                },
                {
                    "on": "EB",
                    "off": "76",
                    "address": "0x7A022",
                    "lib": ""
                },
                {
                    "on": "90 90",
                    "off": "77 3A",
                    "address": "0x7A203",
                    "lib": ""
                }
            ]
        },
        {
            "name": "Zoom Bypass",
            "description": "Lets you zoom an infinite amount in the editor. (NOTE: Can crash with an edited grid size.)",
            "opcodes": [
                {
                    "on": "90 90 90",
                    "off": "0F 2F C8",
                    "address": "0x87801",
                    "lib": ""
                },
                {
                    "on": "90 90 90",
                    "off": "0F 28 C8",
                    "address": "0x87806",
                    "lib": ""
                },
                {
                    "on": "90 90 90",
                    "off": "0F 2F C8",
                    "address": "0x87871",
                    "lib": ""
                },
                {
                    "on": "90 90 90",
                    "off": "0F 28 C8",
                    "address": "0x87876",
                    "lib": ""
                }
            ]
        },
        {
            "name": "Toolbox Bypass",
            "description": "Allows for more objects in the editor toolbox.",
            "opcodes": [
                {
                    "on": "83 F9 01",
                    "off": "83 F9 06",
                    "address": "0x13A548",
                    "lib": ""
                },
                {
                    "on": "B8 01 00 00 00",
                    "off": "B8 06 00 00 00",
                    "address": "0x13A559",
                    "lib": ""
                },
                {
                    "on": "83 F9 7F",
                    "off": "83 F9 0C",
                    "address": "0x13A54D",
                    "lib": ""
                },
                {
                    "on": "B9 7F 00 00 00",
                    "off": "B9 0C 00 00 00",
                    "address": "0x13A552",
                    "lib": ""
                },
                {
                    "on": "83 F9 01",
                    "off": "83 F9 02",
                    "address": "0x13A5D8",
                    "lib": ""
                },
                {
                    "on": "B8 01 00 00 00",
                    "off": "B8 02 00 00 00",
                    "address": "0x13A5E9",
                    "lib": ""
                },
                {
                    "on": "83 F9 7F",
                    "off": "83 F9 03",
                    "address": "0x13A5dd",
                    "lib": ""
                },
                {
                    "on": "B9 7F 00 00 00",
                    "off": "B9 03 00 00 00",
                    "address": "0x13A5E2",
                    "lib": ""
                }
            ]
        },
        {
            "name": "Verify Hack",
            "description": "Lets you upload unverified levels.",
            "opcodes": [
                {
                    "on": "EB",
                    "off": "74",
                    "address": "0x71D48",
                    "lib": ""
                }
            ]
        },
        {
            "name": "Default Song Bypass",
            "description": "Lets you use hidden default songs in the editor.",
            "opcodes": [
                {
                    "on": "90 90",
                    "off": "74 2F",
                    "address": "0x174407",
                    "lib": ""
                },
                {
                    "on": "90 90 90",
                    "off": "0F 4F C6",
                    "address": "0x174411",
                    "lib": ""
                },
                {
                    "on": "90 90",
                    "off": "74 2F",
                    "address": "0x174456",
                    "lib": ""
                },
                {
                    "on": "90 90 90",
                    "off": "0F 4F C6",
                    "address": "0x174460",
                    "lib": ""
                }
            ]
        },
        {
            "name": "Editor Extension",
            "description": "Increases the editor length by a factor of 128.",
            "opcodes": [
                {
                    "on": "00 60 EA 4B",
                    "off": "00 60 6A 48",
                    "address": "0x2E67A4",
                    "lib": ""
                },
                {
                    "on": "0F 60 EA 4B",
                    "off": "80 67 6A 48",
                    "address": "0x8FA4D",
                    "lib": ""
                }
            ]
        },
        {
            "name": "Place Over",
            "description": "Lets you place the same object over itself in the editor.",
            "opcodes": [
                {
                    "on": "8B C1 90",
                    "off": "0F 48 C1",
                    "address": "0x160EE1",
                    "lib": ""
                },
                {
                    "on": "E9 23 02 00 00 90",
                    "off": "0F 8F 22 02 00 00",
                    "address": "0x160EF2",
                    "lib": ""
                }
            ]
        },
        {
            "name": "Testmode Bypass",
            "description": "Hides the 'Testmode' text when playing with a startpos.",
            "opcodes": [
                {
                    "on": "E9 B7 00 00 00 90",
                    "off": "0F 84 B6 00 00 00",
                    "address": "0x1FD270",
                    "lib": ""
                }
            ]
        },
        {
            "name": "Rotation Hack",
            "description": "Allows you to rotate any object. Only works locally.",
            "opcodes": [
                {
                    "on": "B8 01 00 00 00 90",
                    "off": "8B 80 00 03 00 00",
                    "address": "0x85CBC",
                    "lib": ""
                },
                {
                    "on": "B8 01 00 00 00 90",
                    "off": "8B 80 00 03 00 00",
                    "address": "0x8BDDD",
                    "lib": ""
                },
                {
                    "on": "B8 01 00 00 00 90",
                    "off": "8B 80 00 03 00 00",
                    "address": "0x8BE16",
                    "lib": ""
                },
                {
                    "on": "B8 01 00 00 00 90",
                    "off": "8B 87 00 03 00 00",
                    "address": "0xECA3D",
                    "lib": ""
                },
                {
                    "on": "B8 01 00 00 00 90",
                    "off": "8B 86 00 03 00 00",
                    "address": "0xEE5A9",
                    "lib": ""
                },
                {
                    "on": "B8 01 00 00 00 90",
                    "off": "8B 83 00 03 00 00",
                    "address": "0x20181E",
                    "lib": ""
                }
            ]
        },
        {
            "name": "Free Scroll",
            "description": "Allows you to scroll out the editor.",
            "opcodes": [
                {
                    "on": "EB",
                    "off": "77",
                    "address": "0x8FAAC",
                    "lib": ""
                },
                {
                    "on": "EB",
                    "off": "77",
                    "address": "0x8FA95",
                    "lib": ""
                },
                {
                    "on": "EB",
                    "off": "77",
                    "address": "0x8FAC5",
                    "lib": ""
                },
                {
                    "on": "EB",
                    "off": "77",
                    "address": "0x8FADC",
                    "lib": ""
                }
            ]
        },
        {
            "name": "Hide UI",
            "description": "Hides the Editor UI while building.",
            "opcodes": [
                {
                    "on": "B3 00 90",
                    "off": "0F 44 D9",
                    "address": "0x8720A",
                    "lib": ""
                }
            ]
        },
        {
            "name": "Z Order Bypass",
            "description": "Removed the -100 to 100 Z order range limit.",
            "opcodes": [
                {
                    "on": "90 90 90",
                    "off": "0F 4C C1",
                    "address": "0x22DEDE",
                    "lib": ""
                },
                {
                    "on": "90 90 90",
                    "off": "0F 4F C1",
                    "address": "0x22DEE8",
                    "lib": ""
                }
            ]
        }
    ]
}
